organization,org_parent,counties,assistance_types,status,webpage
"3 ""A"" Bereavement Foundation (3ABF)","3 ""A"" Bereavement Foundation (3ABF)",Harris,Other,ACTIVE,https://3abereavement.weebly.com/
A Touch of God's Love Outreach,A Touch of God's Love Outreach,Harris,Veterans,INACTIVE,
Ability Found,Ability Found,Salt Lake,Medical - Primary Care,ACTIVE,https://abilityfound.org/pages/need-help
AccessHealth Bellville WIC Center,AccessHealth,Austin,Mother & Child,ACTIVE,https://www.myaccesshealth.org/
AccessHealth Brookshire Clinic,AccessHealth,Waller,Medical - Primary Care,ACTIVE,https://www.myaccesshealth.org/
AccessHealth Brookshire WIC Center,AccessHealth,Waller,Mother & Child,ACTIVE,https://www.myaccesshealth.org/
AccessHealth East Fort Bend Clinic,AccessHealth,Fort Bend,Medical - Primary Care,ACTIVE,https://www.myaccesshealth.org/
AccessHealth Hempstead WIC Center,AccessHealth,Waller,Mother & Child,ACTIVE,https://www.myaccesshealth.org/
AccessHealth Katy WIC Center,AccessHealth,Fort Bend,Mother & Child,ACTIVE,https://www.myaccesshealth.org/
AccessHealth Missouri City Clinic,AccessHealth,Fort Bend,Medical - Primary Care,ACTIVE,https://www.myaccesshealth.org/
AccessHealth Richmond Clinic,AccessHealth,Fort Bend,Medical - Primary Care,ACTIVE,https://www.myaccesshealth.org/
AccessHealth Rosenberg WIC Center,AccessHealth,Fort Bend,Mother & Child,ACTIVE,https://www.myaccesshealth.org/
AccessHealth Sealy WIC Center,AccessHealth,Austin,Mother & Child,ACTIVE,https://www.myaccesshealth.org/
AccessHealth Second Mile Clinic,AccessHealth,Fort Bend,Medical - Primary Care,ACTIVE,https://www.myaccesshealth.org/
AccessHealth Stafford Clinic,AccessHealth,Fort Bend,Medical - Dental & Vision; Medical - Primary Care,ACTIVE,https://www.myaccesshealth.org/
AccessHealth Stafford WIC Center,AccessHealth,Fort Bend,Mother & Child,ACTIVE,https://www.myaccesshealth.org/
AccessHealth Wharton WIC Center,AccessHealth,Wharton,Mother & Child,ACTIVE,https://www.myaccesshealth.org/
Accessia Health,Accessia Health,Chesterfield,Medical - Bill Payment,ACTIVE,https://accessiahealth.org
Adult & Teen Challenge,Adult & Teen Challenge,Montgomery,Medical - Addiction Recovery,ACTIVE,https://houstonmensrehab.com/
Aid to Victims of Domestic Abuse (AVDA),Aid to Victims of Domestic Abuse (AVDA),Fort Bend; Harris; Waller,Domestic Abuse - Other; Legal,ACTIVE,https://avda.org/
Aishel House,Aishel House,Harris,Medical - Housing,ACTIVE,https://www.aishelhouse.org/patients/stay-with-us/
Alexander Jewish Family Service,Alexander Jewish Family Service,Harris,Jobs; Medical - Behavioral Health; Rent; Utilities,ACTIVE,https://www.alexanderjfs.org/
Allyson Whitney Foundation,Allyson Whitney Foundation,Lee,Medical - Bill Payment,ACTIVE,https://allysonwhitney.org/
American Kidney Fund,American Kidney Fund,Montgomery,Medical - Bill Payment,ACTIVE,https://www.kidneyfund.org/get-assistance
American Red Cross,American Red Cross,Harris,Clothing; Food; Utilities,LIMITED,https://www.redcross.org/local/texas/gulf-coast/about-us/locations/houston.html?CID=organic_gmb_listings
Anchor Point,Anchor Point,Galveston,Other,INACTIVE,https://anchorpoint.us/
Angela House,Angela House,Harris,Housing,ACTIVE,https://angelahouse.org/
Annunciation Maternity Home,Annunciation Maternity Home,Williamson,Housing,ACTIVE,https://wp.thematernityhome.org/
Appleseed Network,Appleseed Network,Travis,Immigration,LIMITED,https://www.texasappleseed.org/immigration
AsSalam Clinic,AsSalam Clinic,Harris,Medical - Primary Care,ACTIVE,https://www.assalamclinic.com/contact/
AAMA George L Sanchez Charter School North,Association for Advancement of Mexican Americans (AAMA),Harris,Education - Children,ACTIVE,https://www.aama.org/apps/pages/george-i-sanchez-charter-schools
AAMA George L Sanchez Charter School South,Association for Advancement of Mexican Americans (AAMA),Harris,Education - Children,ACTIVE,https://www.aama.org/apps/pages/george-i-sanchez-charter-schools
Association for Advancement of Mexican Americans (AAMA),Association for Advancement of Mexican Americans (AAMA),Harris,Education - Adults; Medical - Addiction Recovery; Mother & Child,ACTIVE,https://www.aama.org/apps/pages/prevention-and-counseling-services-houston
Avenue 360 Heights,Avenue 360,Harris,Medical - Behavioral Health; Medical - Primary Care,ACTIVE,https://avenue360.org/
Avenue 360 Humble,Avenue 360,Harris,Medical - Primary Care,ACTIVE,https://avenue360.org/
Avenue 360 Memorial City,Avenue 360,Harris,Medical - Primary Care,ACTIVE,https://avenue360.org/
Avenue 360 Midtown,Avenue 360,Harris,Medical - Behavioral Health; Medical - Dental & Vision; Medical - Primary Care,ACTIVE,https://avenue360.org/
Avenue 360 Omega House Hospice,Avenue 360,Harris,Medical - Primary Care,ACTIVE,https://avenue360.org/
Avenue 360 Southwest,Avenue 360,Harris,Medical - Behavioral Health; Medical - Dental & Vision; Medical - Primary Care,ACTIVE,https://avenue360.org/
Avenue 360 Spring Cypress,Avenue 360,Harris,Medical - Behavioral Health; Medical - Primary Care,ACTIVE,https://avenue360.org/
BARC Animal Shelter & Adoptions,BARC Animal Shelter & Adoptions,Harris,Animals,ACTIVE,https://www.houstontx.gov/barc/wellnesscenter.html
BakerRipley,BakerRipley,Harris,Other; Utilities,ACTIVE,https://bakerripley.org/programs-and-services/utility-assistance/
BakerRipley Angelita Fraga Pre-K,BakerRipley,Harris,Education - Children,ACTIVE,https://bakerripley.org/locations/fraga-angelita-pre-k/
BakerRipley Community School Gulfton,BakerRipley,Harris,Education - Children,ACTIVE,https://bakerripley.org/programs-and-services/community-schools/
BakerRipley Community School Ripley House,BakerRipley,Harris,Education - Children,ACTIVE,https://bakerripley.org/programs-and-services/community-schools/
BakerRipley East Aldine,BakerRipley,Harris,Food; Other,ACTIVE,https://bakerripley.org/locations/east-aldine-campus/#location-contact
BakerRipley Gulfton,BakerRipley,Harris,Immigration,ACTIVE,https://bakerripley.org/programs-and-services/immigration-and-citizenship-services/
BakerRipley Gulfton Sharpstown,BakerRipley,Harris,Food; Immigration; Jobs; Other,ACTIVE,https://bakerripley.org/programs-and-services/food-and-nutrition/
BakerRipley Head Start Albury Drive,BakerRipley,Harris,Mother & Child,ACTIVE,https://bakerripley.org/programs-and-services/head-start/
BakerRipley Head Start Christine Smith,BakerRipley,Fort Bend,Mother & Child,ACTIVE,https://bakerripley.org/programs-and-services/head-start/
BakerRipley Head Start Cook Road,BakerRipley,Harris,Mother & Child,ACTIVE,https://bakerripley.org/programs-and-services/head-start/
BakerRipley Head Start Fifth Street,BakerRipley,Fort Bend,Mother & Child,ACTIVE,https://bakerripley.org/programs-and-services/head-start/
BakerRipley Head Start George Family,BakerRipley,Fort Bend,Mother & Child,ACTIVE,https://bakerripley.org/programs-and-services/head-start/
BakerRipley Head Start Hiram Clarke,BakerRipley,Harris,Mother & Child,ACTIVE,https://bakerripley.org/programs-and-services/head-start/
BakerRipley Head Start Kenforest,BakerRipley,Fort Bend,Mother & Child,ACTIVE,https://bakerripley.org/programs-and-services/head-start/
BakerRipley Head Start Kingdom Builder,BakerRipley,Harris,Mother & Child,ACTIVE,https://bakerripley.org/programs-and-services/head-start/
BakerRipley Head Start Klein,BakerRipley,Harris,Mother & Child,ACTIVE,https://bakerripley.org/programs-and-services/head-start/
BakerRipley Head Start Missouri City,BakerRipley,Fort Bend,Mother & Child,ACTIVE,https://bakerripley.org/programs-and-services/head-start/
BakerRipley Head Start Neff,BakerRipley,Harris,Mother & Child,ACTIVE,https://bakerripley.org/programs-and-services/head-start/
BakerRipley Head Start Pitner Road,BakerRipley,Harris,Mother & Child,ACTIVE,https://bakerripley.org/programs-and-services/head-start/
BakerRipley Head Start Regency,BakerRipley,Harris,Mother & Child,ACTIVE,https://bakerripley.org/programs-and-services/head-start/
BakerRipley Head Start Sharpview,BakerRipley,Harris,Mother & Child,ACTIVE,https://bakerripley.org/programs-and-services/head-start/
BakerRipley Head Start Spring Branch,BakerRipley,Harris,Mother & Child,ACTIVE,https://bakerripley.org/programs-and-services/head-start/
BakerRipley Head Start Stafford,BakerRipley,Fort Bend,Mother & Child,ACTIVE,https://bakerripley.org/programs-and-services/head-start/
BakerRipley Pasadena,BakerRipley,Harris,Food; Medical - Program Enrollment; Other,ACTIVE,https://bakerripley.org/programs-and-services/food-and-nutrition/
BakerRipley Ripley House,BakerRipley,Harris,Food; Immigration; Other,ACTIVE,https://bakerripley.org/programs-and-services/food-and-nutrition/
Bammel Church of Christ,Bammel Church of Christ,Harris,Clothing; Food,ACTIVE,https://www.bammel.org/mannapantry
Bay Area Homeless Services,Bay Area Homeless Services,Harris,Homeless - Shelters,ACTIVE,https://bahs-shelter.org
Bay Area Turning Point,Bay Area Turning Point,Harris,Domestic Abuse - Shelters,ACTIVE,https://www.bayareaturningpoint.org/what-we-do/
Baylor Teen Health Clinic,Baylor Teen Health Clinic,Harris,Medical - Primary Care,ACTIVE,https://www.bcm.edu/community/healthcare-outreach/teen-health-clinic
Be An Angel,Be An Angel,Harris,Christmas; Medical - Primary Care; Other,ACTIVE,https://beanangel.org/how-we-help/
Bee Busy Wellness Center,Bee Busy Wellness Center,Harris,Medical - Behavioral Health; Medical - Dental & Vision; Medical - Primary Care,ACTIVE; INACTIVE,https://mybbwc.org/
Bethel Heavenly Hands,Bethel Heavenly Hands,Harris,Food; Seniors,ACTIVE,https://www.bethelsheavenlyhands.org/
Bezos Academy Denver Harbor,Bezos Academy,Harris,Mother & Child,ACTIVE,https://bezosacademy.org/schools/houston-denver-harbor-tx/
Bezos Academy Magnolia Park,Bezos Academy,Harris,Mother & Child,ACTIVE,https://bezosacademy.org/schools/houston-magnolia-park-tx/
Bezos Academy North Shore,Bezos Academy,Harris,Mother & Child,ACTIVE,https://bezosacademy.org/schools/houston-north-shore-tx/
Bezos Academy Northside,Bezos Academy,Harris,Mother & Child,ACTIVE,
Bezos Academy South Side,Bezos Academy,Harris,Mother & Child,ACTIVE,
Bezos Academy Third Ward,Bezos Academy,Harris,Mother & Child,ACTIVE,
Blessed Beginnings Life Center,Blessed Beginnings Life Center,Harris,Mother & Child,ACTIVE,https://catholiccharities.org/blessedbeginnings/
Blessed Juan Diego,Blessed Juan Diego,Harris,Food,ACTIVE,https://stjuandiegochurch.org/
Bo's Place,Bo's Place,Harris,Other,ACTIVE,https://bosplace.org/en/for-those-grieving/
Boat People SOS,Boat People SOS,Harris,Immigration,LIMITED,https://bpsos.org/texas
Braes Interfaith Ministries,Braes Interfaith Ministries,Harris,Christmas; Clothing; Food; Utilities,ACTIVE,https://braesinterfaithministries.org/
Bread of Life Inc.,Bread of Life Inc.,Harris,Food; Medical - Program Enrollment,ACTIVE,https://www.breadoflifeinc.org/
Brentwood Baptist Church,Brentwood Baptist Church,Harris,Food,INACTIVE,https://brentwoodbaptist.org/
Brentwood Community Foundation,Brentwood Community Foundation,Harris,Medical - Housing; Rent; Utilities,INACTIVE,https://brentwoodfoundation.org
Camp Shield,Camp Shield,Harris,Veterans,ACTIVE,https://www.campshield.org/tvcfund
Campus of Hope,Campus of Hope,Montgomery,Homeless - Shelters,ACTIVE,https://campusofhopeonline.org/
CancerCare,CancerCare,New York,Medical - Bill Payment,ACTIVE,https://www.cancercare.org/financial_assistance
Casa El Buen Samaritano Houston,Casa El Buen Samaritano Houston,Harris,Medical - Primary Care,ACTIVE,https://www.casaelbuen.org/patients
Casa El Buen Samaritano Missouri City,Casa El Buen Samaritano Missouri City,Fort Bend,Medical - Primary Care,ACTIVE,https://www.casaelbuen.org/patients
Casa Juan Diego,Casa Juan Diego,Harris,Food; Medical - Primary Care,INACTIVE,https://cjdengp.wpengine.com/about/what-is-casa-juan-diego/
Catholic Charities,Catholic Charities,Harris,Clothing; Food; Immigration; Legal; Rent; Utilities; Veterans,ACTIVE; INACTIVE; LIMITED,https://catholiccharities.org/housing/
Central American Resource Center (CARECEN),Central American Resource Center (CARECEN),Harris,Immigration,LIMITED,https://www.immigrationadvocates.org/nonprofit/legaldirectory/organization.393389
Children's Health Insurance Program (CHIP),Children's Health Insurance Program (CHIP),Harris,Mother & Child,ACTIVE,https://www.hhs.texas.gov/services/health/medicaid-chip/medicaid-chip-programs-services/medicaid-pregnant-women-chip-perinatal
Chinese Community Service Center,Chinese Community Service Center,Harris,Education - Adults; Medical - Program Enrollment; Seniors; Utilities,ACTIVE,https://ccchouston.org/bec/ceap/
Christ Clinic,Christ Clinic,Harris,Medical - Primary Care,ACTIVE,https://christclinickaty.org/home
Christ the Redeemer,Christ the Redeemer,Harris,Clothing; Food; Handyman; Rent; Transportation; Utilities,INACTIVE; LIMITED,https://ctrcc.com/help
Christian Community Service Center (Central),Christian Community Service Center (CCSC),Harris,Clothing; Food; Jobs; Medical - Bill Payment; Medical - Program Enrollment; Rent; Utilities,ACTIVE,https://ccschouston.org/
Christian Community Service Center (SW),Christian Community Service Center (CCSC),Harris,Food; Medical - Bill Payment; Rent; Utilities,ACTIVE,https://ccschouston.org/
Christian Helping Hands,Christian Helping Hands,Fort Bend,Food; Transportation,ACTIVE; INACTIVE,
Christus Healthy Living Mobile Clinics,Christus Foundation for HealthCare,Greater Houston,Medical - Primary Care,ACTIVE,https://christusfoundation.org/programs/christus-healthy-mobile-clinic/
Christus Learning Center,Christus Foundation for HealthCare,Harris,Education - Adults,ACTIVE,https://christusfoundation.org/programs/christus-learning-center/
Christus Our Daily Bread,Christus Foundation for HealthCare,Galveston,Homeless - Day Centers,ACTIVE,https://christusfoundation.org/programs/christus-our-daily-bread/
Christus Point of Light Clinic,Christus Foundation for HealthCare,Brazoria,Medical - Primary Care,ACTIVE,https://christusfoundation.org/programs/christus-point-light-clinic/
Christus School Clinics - Assumption Catholic School,Christus Foundation for HealthCare,Harris,Medical - Primary Care,ACTIVE,https://christusfoundation.org/programs/christus-school-clinics/
Christus School Clinics - Holy Ghost School,Christus Foundation for HealthCare,Harris,Medical - Primary Care,ACTIVE,https://christusfoundation.org/programs/christus-school-clinics/
Christus School Clinics - Our Lady of Fatima GP,Christus Foundation for HealthCare,Harris,Medical - Primary Care,ACTIVE,https://christusfoundation.org/programs/christus-school-clinics/
Christus School Clinics - Our Lady of Fatima TC,Christus Foundation for HealthCare,Galveston,Medical - Primary Care,ACTIVE,https://christusfoundation.org/programs/christus-school-clinics/
Christus School Clinics - Our Lady of Guadalupe School,Christus Foundation for HealthCare,Harris,Medical - Primary Care,ACTIVE,https://christusfoundation.org/programs/christus-school-clinics/
Christus School Clinics - Resurrection School,Christus Foundation for HealthCare,Harris,Medical - Primary Care,ACTIVE,https://christusfoundation.org/programs/christus-school-clinics/
Christus School Clinics - St Augustine School,Christus Foundation for HealthCare,Harris,Medical - Primary Care,ACTIVE,https://christusfoundation.org/programs/christus-school-clinics/
Christus School Clinics - St Christopher,Christus Foundation for HealthCare,Harris,Medical - Primary Care,ACTIVE,https://christusfoundation.org/programs/christus-school-clinics/
Christus School Clinics - St Mary of the Purification,Christus Foundation for HealthCare,Harris,Medical - Primary Care,ACTIVE,https://christusfoundation.org/programs/christus-school-clinics/
Christus St Mary's Clinic,Christus Foundation for HealthCare,Harris,Medical - Primary Care,ACTIVE,https://christusfoundation.org/programs/christus-st-marys-clinic/
Church Without Walls,Church Without Walls,Harris,Food,ACTIVE,https://tcww.org/
Churches United in Caring,Churches United in Caring,Harris,Clothing; Food; Rent; Transportation; Utilities,ACTIVE,https://www.cuiccrosby.org/assistance
City Wide Club,City Wide Club,Harris,Christmas; Rent; Transportation; Utilities,INACTIVE,https://citywideclub.com/youth-services/#Food-Pantry-Program
Acres Homes Multi-Service Center,City of Houston,Harris,Food; Mother & Child,ACTIVE,https://www.houstonhealth.org/services/multi-service-centers/acres-homes-multi-service-center
Alief Neighborhood Center,City of Houston,Harris,Mother & Child,ACTIVE,https://www.houstonhealth.org/services/multi-service-centers/alief-multi-service-center
City of Houston W.A.T.E.R. Fund,City of Houston,Harris,Utilities,LIMITED,https://houstonwater20.helpdocsonline.com/w-a-t-e-r-fund
Denver Harbor Multi-Service Center,City of Houston,Harris,Mother & Child; Seniors,ACTIVE,https://www.houstonhealth.org/services/multi-service-centers/denver-harbor-multi-service-center
Fifth Ward Multi-Center,City of Houston,Harris,Food; Mother & Child,ACTIVE,https://www.houstonhealth.org/services/multi-service-centers/fifth-ward-multi-service-center
Hiram Clarke Multi-Service Center,City of Houston,Harris,Medical - Program Enrollment,ACTIVE,https://www.houstonhealth.org/services/multi-service-centers/hiram-clarke-multi-service-center
Housing and Community Development,City of Houston,Harris,Other,INACTIVE,https://www.houstontx.gov/housing/home-repair.html#docs
Magnolia Multi-Service Center,City of Houston,Harris,Medical - Dental & Vision; Medical - Primary Care; Medical - Program Enrollment; Mother & Child; Seniors,ACTIVE,https://www.houstonhealth.org/services/multi-service-centers/magnolia-multi-service-center
Northeast Multi-Service Center,City of Houston,Harris,Mother & Child; Seniors,ACTIVE,https://www.houstonhealth.org/services/multi-service-centers/northeast-multi-service-center
Office of Veterans & Military Affairs,City of Houston,Harris,Veterans,ACTIVE,https://houstontx.gov/vetaffairs/
Southwest Multi-Service Center,City of Houston,Harris,Medical - Program Enrollment; Mother & Child,ACTIVE,https://www.houstonhealth.org/services/multi-service-centers/southwest-multi-service-center
Sunnyside Health and Multi-Service Center,City of Houston,Harris,Medical - Dental & Vision; Medical - Primary Care; Medical - Program Enrollment; Mother & Child; Seniors,ACTIVE,https://www.houstonhealth.org/services/multi-service-centers/sunnyside-multi-service-center
Third Ward Multi-Service Center,City of Houston,Harris,Food,ACTIVE,https://www.houstonhealth.org/services/multi-service-centers/third-ward-multi-service-center
West End Multi-Service Center,City of Houston,Harris,Mother & Child,ACTIVE,https://www.houstonhealth.org/services/multi-service-centers/west-end-multi-service-center
Coastal Health & Wellness - Galveston,Coastal Health & Wellness,Galveston,Medical - Behavioral Health; Medical - Dental & Vision; Medical - Primary Care,ACTIVE,https://www.coastalhw.org/home-coastal
Coastal Health & Wellness - Texas City,Coastal Health & Wellness,Galveston,Medical - Behavioral Health; Medical - Dental & Vision; Medical - Primary Care,ACTIVE,https://www.coastalhw.org/home-coastal
Collaborative for Children,Collaborative for Children,Harris,Other,ACTIVE,https://findchildcare.collabforchildren.org/?_gl=1*mpqzr*_gcl_aw*R0NMLjE3NDQ2OTAwNTAuQ2p3S0NBanc1UEtfQmhCQkVpd0FMN0dUUFE2bDhTa1lfUHpmaUdwZjBMa1FUQUZ2dUVPcEtGcHJQU0tsSng0VENCMnJ5MWx2aXEzZmZCb0NWZ1VRQXZEX0J3RQ..*_gcl_au*MjA5MjU1MDU1Mi4xNzQ0NjkwMDUw*_ga*MjEzOTIwMTM5Mi4xNzQ0NjkwMDQ1*_ga_XT35LKH9TY*MTc0NDY5MDA0NS4xLjEuMTc0NDY5MDE3OS42MC4wLjA.
Community Assistance Center,Community Assistance Center,Montgomery,Clothing; Food; Rent; Utilities,ACTIVE,https://cac-mctx.org/appointment/
Community Family Center,Community Family Center,Harris,Education - Adults; Food; Medical - Program Enrollment; Mother & Child; Rent; Utilities,ACTIVE; INACTIVE,https://www.communityfamilycenters.org/
Compassion United,Compassion United,Montgomery,Food; Homeless - Day Centers,ACTIVE,https://compassionunited.us/programs/food-pantry
Coordinated Access Intake,Coordinated Access Intake,Harris,Housing,LIMITED,https://www.cfthhouston.org/
Cornerstone Gardens (RHF),Cornerstone Gardens (RHF),Harris,Housing,ACTIVE,https://rhf.org/cornerstone-gardens/
Covenant House Texas,Covenant House Texas,Harris,Homeless - Day Centers,ACTIVE,
Creekbend Gardens (RHF),Creekbend Gardens (RHF),Harris,Housing,ACTIVE,https://rhf.org/creekbend-gardens/
Cy-Fair Helping Hands,Cy-Fair Helping Hands,Harris,Christmas; Food; Homeless - Day Centers; Housing,ACTIVE; LIMITED,https://www.cyfairhelpinghands.org/
Cypress Assistance Ministries,Cypress Assistance Ministries,Harris,Christmas; Clothing; Education - Adults; Food; Jobs; Rent; Utilities,ACTIVE,https://www.cypressassistance.org/
Dan's House of Hope,Dan's House of Hope,Harris,Medical - Housing,ACTIVE,https://danshouseofhope.org/
Daya,Daya,Harris,Domestic Abuse - Other,ACTIVE,https://www.dayahouston.org/services
Deer Park First Baptist,Deer Park First Baptist,Harris,Food; Rent; Utilities,ACTIVE; LIMITED,https://deerparkfirst.org/
Deer Park UMC,Deer Park UMC,Harris,Food; Rent; Utilities,ACTIVE,https://dpumc.org/outreach/
Dollar For,Dollar For,Clark,Medical - Bill Payment,ACTIVE,https://dollarfor.org/how-we-help/
Dress For Success,Dress For Success,Harris,Clothing,ACTIVE,https://www.dfshouston.org/get-support
ECDC Houston Multicultural Center,ECDC Houston Multicultural Center,Harris,Education - Adults; Immigration; Rent,ACTIVE; LIMITED,https://ecdchmc.org/refugee-resettlement-services#randp
"East End Social Services, Inc.","East End Social Services, Inc.",Harris,Food,ACTIVE,https://eastendsocialservices.org/about-us
East Ft Bend Human Needs,East Ft Bend Human Needs,Fort Bend,Christmas; Food; Rent; Utilities,ACTIVE,https://www.humanneeds.org/
East Spring Branch Food Pantry,East Spring Branch Food Pantry,Harris,Food,ACTIVE,https://eastspringbranchfoodpantry.com/
El Centro de Corazón - Eastwood,El Centro de Corazón,Harris,Medical - Behavioral Health; Medical - Dental & Vision; Medical - Primary Care,INACTIVE,https://www.elcentrodecorazon.org
El Centro de Corazón - John S Dunn,El Centro de Corazón,Harris,Medical - Behavioral Health; Medical - Dental & Vision; Medical - Primary Care,ACTIVE,https://www.elcentrodecorazon.org
El Centro de Corazón - Magnolia,El Centro de Corazón,Harris,Medical - Behavioral Health; Medical - Dental & Vision; Medical - Primary Care,ACTIVE,https://www.elcentrodecorazon.org
Emancipet Clinics,Emancipet Clinics,Harris,Animals,ACTIVE,https://emancipet.org
Emergency Aid Coalition,Emergency Aid Coalition,Harris,Clothing; Food,ACTIVE,https://eachouston.org/
Epiphany Community Health Outreach Services ECHOS (SW Harris County),Epiphany Community Health Outreach Services ECHOS (SW Harris County),Harris,Food; Medical - Program Enrollment; Rent; Utilities,ACTIVE; INACTIVE,https://echoshouston.org/client-services/financial_assistance/
FIEL For Families and Their Education,FIEL For Families and Their Education,Harris,Immigration,ACTIVE,https://fielhouston.org/immigration/
Fair Haven Methodist Church,Fair Haven Methodist Church,Harris,Food,ACTIVE,https://www.chapelwood.org/sanctuary/get-involved/serving-opportunities/fair-haven-food-pantry/249/
Family Promise of Clear Creek,Family Promise,Harris,Homeless - Day Centers; Homeless - Shelters; Other; Rent,ACTIVE,https://www.ccfamilypromise.org/programs-and-services/
Family Promise of Lake Houston,Family Promise,Harris,Homeless - Day Centers; Homeless - Shelters,ACTIVE,https://fplh.org/about/
Family Promise of Montgomery County,Family Promise,Montgomery,Education - Adults; Homeless - Shelters; Transportation,ACTIVE,https://www.familypromiseofmc.org/emergency-shelter
Fort Bend Family Promise,Family Promise,Fort Bend,Clothing; Food; Homeless - Day Centers; Rent; Transportation,ACTIVE,https://fortbendfamilypromise.org/programs/
Family Reach,Family Reach,Suffolk,Medical - Bill Payment,ACTIVE,https://familyreach.org/financialassistance/
Family Time Crisis & Counseling Center,Family Time Crisis & Counseling Center,Harris,Domestic Abuse - Shelters,ACTIVE,https://familytimeccc.org/about/overview/
First Baptist Highlands Magnolia,First Baptist Highlands Magnolia,Harris,Food,ACTIVE,https://www.firstbaptisthighlands.org/
First Baptist North Houston,First Baptist North Houston,Harris,Food,ACTIVE,
First Presbyterian Church,First Presbyterian Church,Harris,Rent; Utilities,INACTIVE,
Focusing Families,Focusing Families,Waller; Washington,Domestic Abuse - Shelters,ACTIVE,https://focusing-families.org/family-violence
Fort Bend County Social Services,Fort Bend County Social Services,Fort Bend,Food; Medical - Bill Payment; Other; Rent; Utilities,ACTIVE,https://www.fortbendcountytx.gov/government/departments/social-services/services/rent-mortgage-assistance
Fort Bend Women's Center,Fort Bend Women's Center,Fort Bend,Domestic Abuse - Shelters,ACTIVE,https://www.fbwc.org
Freewheels Houston,Freewheels Houston,Harris,Other,ACTIVE,https://freewheelshouston.org/volunteers-repair-bikes/
God's Garage,God's Garage,Montgomery,Other,INACTIVE,https://houstonmensrehab.com/
God's Lovely Butterflies Maternity Home,God's Lovely Butterflies Maternity Home,Harris,Mother & Child,ACTIVE,https://www.godslovelybutterflies.org
Good Days,Good Days,Collin,Medical - Bill Payment,ACTIVE,https://mygooddays.org/apply/
Good Shepherd Mission,Good Shepherd Mission,Walker,Clothing; Food; Homeless - Day Centers; Housing,ACTIVE,https://www.goodshepherdmission.org/index.html
Goodwill Industries,Goodwill Industries,Harris,Jobs,ACTIVE,https://www.goodwillhouston.org/jobs/job-career-services/mission-programs/
Grace After Fire,Grace After Fire,Harris,Veterans,ACTIVE,http://www.graceafterfire.org/join-member.html
Gratia Plena,Gratia Plena,Fort Bend,Medical - Behavioral Health,ACTIVE,https://gratiaplenacounseling.org/
Greater Mt Zion Missionary Baptist Church,Greater Mt Zion Missionary Baptist Church,Harris,Food,ACTIVE,https://gmzhouston.org/a-s-h-t-h-p/
Gulf Coast Community Services,Gulf Coast Community Services,Harris,Education - Adults; Food; Mother & Child; Rent; Transportation; Utilities,ACTIVE; INACTIVE,https://www.gccsa.org/
Halo House Foundation,Halo House Foundation,Harris,Medical - Housing,ACTIVE,https://www.halohousefoundation.org/
"Harmony House, Inc.","Harmony House, Inc.",Harris,Housing,ACTIVE,https://harmonyhouse.org
Harris County Area Agency on Aging,Harris County,Harris,Seniors,ACTIVE,https://www.houstonhealth.org/services/aging
Harris County Domestic Relations Office,Harris County,Harris,Domestic Abuse - Other,ACTIVE,https://dro.harriscountytx.gov/Child-Support/Services
Harris County Eastgate Cemetery,Harris County,Harris,Other,ACTIVE,https://hcd.harriscountytx.gov/Residents/Bereavement-Services
Harris County Housing & Community Development,Harris County,Harris,Handyman,ACTIVE,https://hcd.harriscountytx.gov/Residents/Home-Repair-Program
Harris County Housing Authority,Harris County,Harris,Housing,INACTIVE,https://hchatexas.org/
Harris County Oats Cemetery,Harris County,Harris,Other,ACTIVE,https://hcd.harriscountytx.gov/Residents/Bereavement-Services
Harris County Resources for Children and Adults,Harris County,Harris,Homeless - Shelters,ACTIVE,https://resources.harriscountytx.gov/About-Us/Who-We-Are
Harris County Social Services,Harris County,Harris,Rent,INACTIVE,https://hcd.harriscountytx.gov/
Harris County Veterans Services Department,Harris County,Harris,Veterans,ACTIVE,https://www.harrisvets.com/claims
Antoine Clinic,Harris County Public Health,Harris,Immigration; Medical - Behavioral Health; Medical - Primary Care,ACTIVE,https://publichealth.harriscountytx.gov/Divisions-Offices/Divisions/Community-Health-Wellness-Division/HIV-STI-Prevention
Baytown Clinic,Harris County Public Health,Harris,Medical - Dental & Vision,ACTIVE,https://publichealth.harriscountytx.gov/Divisions-Offices/Divisions/Community-Health-Wellness-Division/Dental-Health-Prevention/Dental-Clinics
Humble Clinic,Harris County Public Health,Harris,Immigration; Medical - Behavioral Health; Medical - Dental & Vision; Medical - Primary Care,ACTIVE,https://publichealth.harriscountytx.gov/Divisions-Offices/Divisions/Community-Health-Wellness-Division/Health-Services
Maternal & Child Health Program,Harris County Public Health,Harris,Mother & Child,ACTIVE,https://publichealth.harriscountytx.gov/Divisions-Offices/Divisions/Community-Health-Wellness-Division/Maternal-Child-Health
Mobile Dental Unit,Harris County Public Health,Harris,Medical - Dental & Vision,ACTIVE,https://publichealth.harriscountytx.gov/Divisions-Offices/Divisions/Community-Health-Wellness-Division/Dental-Health-Prevention/Community-Dental-Services
Sheldon Health Hub,Harris County Public Health,Harris,Immigration; Medical - Behavioral Health; Medical - Primary Care,ACTIVE,https://publichealth.harriscountytx.gov/Divisions-Offices/Divisions/Community-Health-Wellness-Division/Health-Services
Southeast Clinic,Harris County Public Health,Harris,Immigration; Medical - Behavioral Health; Medical - Dental & Vision; Medical - Primary Care,ACTIVE,https://publichealth.harriscountytx.gov/Divisions-Offices/Divisions/Community-Health-Wellness-Division/Dental-Health-Prevention/Dental-Clinics
Harris Health,Harris Health,Harris,Medical - Primary Care,ACTIVE,https://www.harrishealth.org
Harris Health - Acres Home,Harris Health,Harris,Medical - Primary Care,ACTIVE,https://www.harrishealth.org/locations-hh/Pages/acres-home-health-center.aspx
Harris Health - Aldine,Harris Health,Harris,Medical - Dental & Vision; Medical - Primary Care,ACTIVE,https://www.harrishealth.org/locations-hh/Pages/aldine-health-center.aspx
Harris Health - Baytown,Harris Health,Harris,Medical - Primary Care,ACTIVE,https://www.harrishealth.org/locations-hh/Pages/baytown-health-center.aspx
Harris Health - Ben Taub Hospital,Harris Health,Harris,Medical - Primary Care,ACTIVE,https://www.harrishealth.org/locations-hh/Pages/ben-taub.aspx
Harris Health - C. E. Odom,Harris Health,Harris,Medical - Primary Care,ACTIVE,https://www.harrishealth.org/locations-hh/Pages/c-e-odom-pediatric-and-adolescent-health-center.aspx
Harris Health - Casa de Amigos,Harris Health,Harris,Medical - Primary Care,ACTIVE,https://www.harrishealth.org/locations-hh/Pages/casa-de-amigos-health-center.aspx
Harris Health - Cypress,Harris Health,Harris,Medical - Behavioral Health; Medical - Primary Care,ACTIVE,https://www.harrishealth.org/locations-hh/Pages/cypress-health-center.aspx
Harris Health - Danny Jackson,Harris Health,Harris,Medical - Primary Care,ACTIVE,https://www.harrishealth.org/locations-hh/Pages/danny-jackson-health-center.aspx
Harris Health - Dental Center,Harris Health,Harris,Medical - Dental & Vision,ACTIVE,https://www.harrishealth.org/locations-hh/Pages/dental-program.aspx
Harris Health - El Franco Lee,Harris Health,Harris,Medical - Primary Care,ACTIVE,https://www.harrishealth.org/locations-hh/Pages/el-franco-lee-health-center.aspx
Harris Health - Gulfgate,Harris Health,Harris,Medical - Dental & Vision; Medical - Primary Care,ACTIVE,https://www.harrishealth.org/locations-hh/Pages/gulfgate-health-center.aspx
Harris Health - LBJ Hospital,Harris Health,Harris,Medical - Primary Care,ACTIVE,https://www.harrishealth.org/locations-hh/Pages/lbj.aspx
Harris Health - Martin Luther King Jr,Harris Health,Harris,Medical - Primary Care,ACTIVE,https://www.harrishealth.org/locations-hh/Pages/martin-luther-king-jr-health-center.aspx
Harris Health - Monroe,Harris Health,Harris,Medical - Primary Care,ACTIVE,https://www.harrishealth.org/locations-hh/Pages/monroe-clinic.aspx
Harris Health - Northwest,Harris Health,Harris,Medical - Primary Care,ACTIVE,https://www.harrishealth.org/locations-hh/Pages/northwest-health-center.aspx
Harris Health - Outpatient Center,Harris Health,Harris,Medical - Primary Care,ACTIVE,https://www.harrishealth.org/locations-hh/Pages/outpatient-center.aspx
Harris Health - Pasadena,Harris Health,Harris,Medical - Behavioral Health; Medical - Primary Care,ACTIVE,https://www.harrishealth.org/locations-hh/Pages/pediatric-adolescent-health-center.aspx
Harris Health - Quentin Mease,Harris Health,Harris,Medical - Primary Care,ACTIVE,https://www.harrishealth.org/locations-hh/Pages/quentin-mease.aspx
Harris Health - Sareen,Harris Health,Harris,Medical - Primary Care,ACTIVE,https://www.harrishealth.org/locations-hh/Pages/sareen-same-day.aspx
Harris Health - Settegast,Harris Health,Harris,Medical - Primary Care,ACTIVE,https://www.harrishealth.org/locations-hh/Pages/settegast-health-center.aspx
Harris Health - Smith Clinic,Harris Health,Harris,Medical - Primary Care,ACTIVE,https://www.harrishealth.org/locations-hh/Pages/smith-clinic.aspx
Harris Health - Squatty Lyons,Harris Health,Harris,Medical - Primary Care,ACTIVE,https://www.harrishealth.org/locations-hh/Pages/ea-squatty-lyons-health-center.aspx
Harris Health - Strawberry,Harris Health,Harris,Medical - Dental & Vision; Medical - Primary Care,ACTIVE,https://www.harrishealth.org/locations-hh/Pages/strawberry-health-center.aspx
Harris Health - Sunset Heights,Harris Health,Harris,Medical - Primary Care,ACTIVE,https://www.harrishealth.org/locations-hh/Pages/sunset-heights-clinic.aspx
Harris Health - Urgent Care,Harris Health,Harris,Medical - Primary Care,ACTIVE,https://www.harrishealth.org/locations-hh/Pages/urgent-care.aspx
Harris Health - Vallbona,Harris Health,Harris,Medical - Primary Care,ACTIVE,https://www.harrishealth.org/locations-hh/Pages/vallbona-health-center.aspx
Harris Health- Rehabilitation Services,Harris Health,Harris,Medical - Primary Care,ACTIVE,https://www.harrishealth.org/locations-hh/Pages/fournace.aspx
Healthcare for the Homeless Caroline Street Clinic,Healthcare For The Homeless,Harris,Medical - Behavioral Health; Medical - Dental & Vision; Medical - Primary Care,ACTIVE,https://www.homeless-healthcare.org/
Healthcare for the Homeless Cathedral Clinic at The Beacon,Healthcare For The Homeless,Harris,Medical - Behavioral Health; Medical - Dental & Vision; Medical - Primary Care,ACTIVE,https://www.homeless-healthcare.org/
Healthcare for the Homeless Reed Family Clinic,Healthcare For The Homeless,Harris,Medical - Behavioral Health; Medical - Dental & Vision; Medical - Primary Care,ACTIVE,https://www.homeless-healthcare.org/
Healthwell Foundation,Healthwell Foundation,Montgomery,Medical - Bill Payment,ACTIVE,https://www.healthwellfoundation.org
Heights Interfaith Ministries,Heights Interfaith Ministries,Harris,Food,ACTIVE,https://himfoodpantry.org/
Holy Name,Holy Name,Harris,Food,ACTIVE,https://www.holynamecatholichouston.org/
Hope Center Houston,Hope Center Houston,Harris,Homeless - Day Centers; Medical - Dental & Vision,ACTIVE,https://hopecenterhouston.org
Hope Clinic,Hope Clinic,Harris,Medical - Behavioral Health; Medical - Dental & Vision; Medical - Primary Care,ACTIVE,https://www.hopechc.org
Hope for the Warriors,Hope for the Warriors,Harris,Veterans,INACTIVE,https://www.hopeforthewarriors.org/programs-and-services/connect-to-services/
Hospitality Apartments,Hospitality Apartments,Harris,Medical - Housing,ACTIVE,https://www.hospitalityapartments.org/guests/request
House of Amos,House of Amos,Harris,Education - Adults; Food; Rent; Utilities,ACTIVE; INACTIVE,https://www.houseofamos.org/
House of Help,House of Help,Waller,Food,ACTIVE,https://hohhempstead.org/
Houston Area Women's Center,Houston Area Women's Center,Harris,Domestic Abuse - Shelters,ACTIVE,https://hawc.org/what-we-do/
Houston Bar Association Veterans Legal Initiative,Houston Bar Association Veterans Legal Initiative,Harris,Veterans,ACTIVE,https://www.hba.org/?pg=Veterans-Legal-Initiative
Houston Children's Charity,Houston Children's Charity,Harris,Christmas; Clothing; Medical - Bill Payment; Other; Transportation,ACTIVE; LIMITED,https://houstonchildrenscharity.org/programs/hcc-closet/
Houston Coalition for Life,Houston Coalition for Life,Harris,Mother & Child,ACTIVE,https://houstoncoalition.com/
Houston Eviction Advocacy Center,Houston Eviction Advocacy Center,Harris,Legal,ACTIVE,https://www.houstoneac.org/our-mission-vision-statement-and-guiding-principles/
Houston Eye Associates Foundation,Houston Eye Associates Foundation,Harris,Medical - Dental & Vision,ACTIVE,https://foundation.houstoneye.com/about-us/
Houston First Baptist Church,Houston First Baptist Church,Harris,Clothing; Food; Other; Rent; Utilities,ACTIVE; INACTIVE,https://www.houstonsfirst.org/missions/faith-centers
Houston Food Bank,Houston Food Bank,Harris,Food; Medical - Program Enrollment,ACTIVE,https://www.houstonfoodbank.org/#
Houston Hope Lodge,Houston Hope Lodge,Harris,Medical - Housing,ACTIVE,https://www.cancer.org/support-programs-and-services/patient-lodging/hope-lodge/houston.html
Houston Humane Society,Houston Humane Society,Fort Bend,Animals,ACTIVE,https://www.houstonhumane.org/clinic/about-our-clinic
Houston MetroLift,Houston MetroLift,Harris,Transportation,ACTIVE,https://www.ridemetro.org/riding-metro/transit-services/metrolift-paratransit
Houston Recovery Center,Houston Recovery Center,Harris,Medical - Addiction Recovery,ACTIVE,https://houstonrecoverycenter.org/houston-recovery-centers-community-healthcare-workers-chw-program/
Houston ToolBank,Houston ToolBank,Harris,Other,ACTIVE,https://www.houstontoolbank.org/borrow/
Houston Volunteer Lawyers,Houston Volunteer Lawyers,Harris,Legal,ACTIVE,https://www.makejusticehappen.org/programs/
Humble Area Assistance Ministries,Humble Area Assistance Ministries,Harris,Christmas; Education - Adults; Food; Jobs; Rent; Seniors; Utilities,ACTIVE,https://haamministries.org/
ICNA Relief,ICNA Relief,Harris,Food,ACTIVE,https://icnarelief.org/houston/
Immaculate Conception,Immaculate Conception,Harris,Food,ACTIVE,https://icchouston.church/
Immaculate Conception Sealy,Immaculate Conception Sealy,Austin,Food; Rent; Utilities,ACTIVE,https://icc-sealy.org/
Immigrant Defense Project,Immigrant Defense Project,New York,Immigration,ACTIVE,https://www.immigrantdefenseproject.org/criminal-immigration-helpline/
Immigration Legal Resource Center,Immigration Legal Resource Center,Greater Houston,Immigration,ACTIVE,https://houstonimmigration.org/for-community/hotline/
Impact Houston Church of Christ,Impact Houston Church of Christ,Harris,Food; Homeless - Day Centers,ACTIVE,https://impacthoustonchurch.org/resourcecenter/
India House Houston,India House Houston,Harris,Food; Legal; Medical - Primary Care,ACTIVE,https://www.indiahouseinc.org/community-support/food-distribution/
Interfaith Caring Ministries,Interfaith Caring Ministries,Galveston,Christmas; Food; Other; Rent; Seniors; Utilities,ACTIVE,https://icmtx.org/
Interfaith Ministries for Greater Houston,Interfaith Ministries for Greater Houston,Harris,Animals; Food; Immigration,ACTIVE,https://imgh.org/
Interfaith of the Woodlands,Interfaith of the Woodlands,Montgomery,Christmas; Clothing; Education - Adults; Food; Housing; Rent; Seniors; Utilities,ACTIVE,https://icmtx.org/
Islamic Society of Greater Houston,Islamic Society of Greater Houston,Harris,Food; Rent; Utilities,ACTIVE; LIMITED,https://isgh.org/
Kailee Mills Foundation,Kailee Mills Foundation,Montgomery,Other,LIMITED,https://www.kaileemillsfoundation.org
Katy Christian Ministries,Katy Christian Ministries,Harris,Christmas; Clothing; Domestic Abuse - Other; Food; Rent; Utilities; Veterans,ACTIVE,https://ktcm.org/
Keturah's Haven,Keturah's Haven,Harris,Housing,INACTIVE,https://keturahshaven.org/
Kids' Meals,Kids' Meals,Harris; Montgomery,Food,ACTIVE,https://kidsmealsinc.org/need-help/
Legacy Health - Alief Bissonnet OB/GYN,Legacy Community Health,Harris,Medical - Primary Care,ACTIVE,https://www.legacycommunityhealth.org
Legacy Health - BakerRipley,Legacy Community Health,Harris,Medical - Behavioral Health; Medical - Dental & Vision; Medical - Primary Care,ACTIVE,https://www.legacycommunityhealth.org
Legacy Health - Baytown Garth,Legacy Community Health,Harris,Medical - Behavioral Health; Medical - Primary Care,ACTIVE,https://www.legacycommunityhealth.org
Legacy Health - Bissonnet Pediatrics,Legacy Community Health,Harris,Medical - Behavioral Health; Medical - Primary Care,ACTIVE,https://www.legacycommunityhealth.org
Legacy Health - Deer Park,Legacy Community Health,Harris,Medical - Behavioral Health; Medical - Primary Care,ACTIVE,https://www.legacycommunityhealth.org
Legacy Health - Fifth Ward Lyons,Legacy Community Health,Harris,Medical - Behavioral Health; Medical - Dental & Vision; Medical - Primary Care,ACTIVE,https://www.legacycommunityhealth.org
Legacy Health - Galena Park,Legacy Community Health,Harris,Medical - Dental & Vision; Medical - Primary Care,ACTIVE,https://www.legacycommunityhealth.org
Legacy Health - Gulfton Dashwood,Legacy Community Health,Harris,Medical - Behavioral Health; Medical - Primary Care,ACTIVE,https://www.legacycommunityhealth.org
Legacy Health - Missouri City,Legacy Community Health,Fort Bend,Medical - Behavioral Health; Medical - Primary Care,ACTIVE,https://www.legacycommunityhealth.org
Legacy Health - Montrose,Legacy Community Health,Harris,Medical - Behavioral Health; Medical - Dental & Vision; Medical - Primary Care,ACTIVE,https://www.legacycommunityhealth.org
Legacy Health - Northline,Legacy Community Health,Harris,Medical - Behavioral Health; Medical - Primary Care,ACTIVE,https://www.legacycommunityhealth.org
Legacy Health - Northside Irvington,Legacy Community Health,Harris,Medical - Behavioral Health; Medical - Primary Care,ACTIVE,https://www.legacycommunityhealth.org
Legacy Health - San Jacinto,Legacy Community Health,Harris,Medical - Behavioral Health; Medical - Primary Care,ACTIVE,https://www.legacycommunityhealth.org
Legacy Health - Santa Clara,Legacy Community Health,Harris,Medical - Behavioral Health; Medical - Primary Care,ACTIVE,https://www.legacycommunityhealth.org
Legacy Health - Southwest,Legacy Community Health,Harris,Medical - Primary Care,ACTIVE,https://www.legacycommunityhealth.org
Legacy Health - Stafford Fountains,Legacy Community Health,Fort Bend,Medical - Behavioral Health; Medical - Primary Care,ACTIVE,https://www.legacycommunityhealth.org
Legacy Health - Third Ward,Legacy Community Health,Harris,Medical - Primary Care,ACTIVE,https://www.legacycommunityhealth.org
Legacy Health - Wellness Bar,Legacy Community Health,Harris,Medical - Primary Care,ACTIVE,https://www.legacycommunityhealth.org
Lifehouse Houston,Lifehouse Houston,Harris,Housing,ACTIVE,https://lifehousehouston.org/
Living Hope Wheelchair Association,Living Hope Wheelchair Association,Harris,Medical - Primary Care,ACTIVE,https://www.lhwassociation.org/
Lonestar Legal Aid,Lonestar Legal Aid,Harris,Legal; Medical - Program Enrollment,ACTIVE,https://www.lonestarlegal.org/
Lord of the Streets,Lord of the Streets,Harris,Homeless - Day Centers; Medical - Dental & Vision,ACTIVE,https://www.lotshouston.org/services-we-offer.html
Low Cost Pet Vax,Low Cost Pet Vax,Dallas,Animals,ACTIVE,https://www.lowcostpetvaccinations.net/texas-pet-vaccination-clinics/houston/
M I Lewis Social Service Center,M I Lewis Social Service Center,Brazoria,Food; Other; Rent; Seniors; Utilities,ACTIVE,https://www.milewisctr.org/emergency-assistance
Magnificat Houses,Magnificat Houses,Harris,Food; Homeless - Shelters; Medical - Primary Care,ACTIVE,https://mhihouston.org/what-we-do/meals/
Main Street Ministries,Main Street Ministries,Harris,Homeless - Other; Rent; Utilities,ACTIVE; INACTIVE,https://msmhouston.org/
Mamie George Community Center,Mamie George Community Center,Fort Bend,Food,ACTIVE,https://catholiccharities.org/mgcc/
Mary Queen Friendswood,Mary Queen Friendswood,Harris,Food; Rent; Utilities,ACTIVE; INACTIVE,https://www.maryqueencatholicchurch.org/social-concerns
Masonic Children & Family Services of Texas,Masonic Children & Family Services of Texas,Tarrant,Education - Children; Medical - Bill Payment; Rent; Utilities,ACTIVE,https://masonichometx.org/
Memorial Assistance Ministries (MAM),Memorial Assistance Ministries,Harris,Christmas; Clothing; Education - Adults; Medical - Behavioral Health; Medical - Bill Payment; Medical - Dental & Vision; Medical - Primary Care; Medical - Program Enrollment; Rent; Utilities,ACTIVE,https://www.mamhouston.org/services
Mesa-Outreach Inc,Mesa-Outreach Inc,Harris,Food,ACTIVE,https://www.mesa-outreach.org/programs/food-pantry/
Mission Bells Food Pantry,Mission Bells Food Pantry,Harris,Food,ACTIVE,https://www.missionbells.org/about-us.html
Mission Northeast,Mission Northeast,Harris,Christmas; Education - Adults; Food; Handyman; Jobs,ACTIVE,https://www.missionne.org/
Mission of Yahweh,Mission of Yahweh,Harris,Christmas; Homeless - Shelters,ACTIVE,https://missionofyahweh.org
Montgomery County Women's Center,Montgomery County Women's Center,Montgomery,Domestic Abuse - Shelters,ACTIVE,https://mcwctx.org/our-services/
Montrose Grace Place,Montrose Grace Place,Harris,Homeless - Day Centers,ACTIVE,https://www.montrosegraceplace.org
Moving Waters Ecclesia,Moving Waters Ecclesia,Harris,Homeless - Other,ACTIVE,https://www.movingwaters-houston.org/showers
Moving Waters Emergency Aid Coalition,Moving Waters Emergency Aid Coalition,Harris,Homeless - Other,ACTIVE,https://www.movingwaters-houston.org/showers
Moving Waters Northwest Assistance Ministries,Moving Waters Northwest Assistance Ministries,Harris,Homeless - Other,ACTIVE,https://www.movingwaters-houston.org/showers
Moving Waters St Joseph Catholic Church,Moving Waters St Joseph Catholic Church,Harris,Homeless - Other,ACTIVE,https://www.movingwaters-houston.org/showers
My Brother's Keeper,My Brother's Keeper,Harris,Christmas; Education - Adults; Education - Children; Food; Rent; Utilities,ACTIVE,https://www.mybkoutreach.org/programs-and-services
Nabor House Community - Spring Branch,Nabor House Community,Harris,Mother & Child,ACTIVE,https://naborhousecommunity.org/enroll
Nabor House Community - St Thomas Presbyterian,Nabor House Community,Harris,Mother & Child,ACTIVE,https://naborhousecommunity.org/enroll
National Organization for Rare Disorders (NORD),National Organization for Rare Disorders (NORD),Plymouth,Medical - Bill Payment,ACTIVE,https://rarediseases.org/patient-assistance-programs/financial-assistance/
NeedyMeds,NeedyMeds,Essex,Other,ACTIVE,https://www.needymeds.org
New Hope Housing Avenue C,New Hope Housing,Harris,Housing,ACTIVE,https://newhopehousing.com/
New Hope Housing Avenue J,New Hope Housing,Harris,Housing,ACTIVE,https://newhopehousing.com/
New Hope Housing Berry,New Hope Housing,Harris,Housing,ACTIVE,https://newhopehousing.com/
New Hope Housing Brays Crossing,New Hope Housing,Harris,Housing,ACTIVE,https://newhopehousing.com/
New Hope Housing Canal,New Hope Housing,Harris,Housing,ACTIVE,https://newhopehousing.com/
New Hope Housing Congress,New Hope Housing,Harris,Housing,ACTIVE,https://newhopehousing.com/
New Hope Housing Dale Carnegie,New Hope Housing,Harris,Housing,ACTIVE,https://newhopehousing.com/
New Hope Housing Ennis,New Hope Housing,Harris,Housing,ACTIVE,https://newhopehousing.com/
New Hope Housing Gray,New Hope Housing,Harris,Housing,ACTIVE,https://newhopehousing.com/
New Hope Housing Harrisburg,New Hope Housing,Harris,Housing,ACTIVE,https://newhopehousing.com/
New Hope Housing Perry,New Hope Housing,Harris,Housing,ACTIVE,https://newhopehousing.com/
New Hope Housing Reed,New Hope Housing,Harris,Housing,ACTIVE,https://newhopehousing.com/
New Hope Housing Rittenhouse,New Hope Housing,Harris,Housing,ACTIVE,https://newhopehousing.com/
New Hope Housing Sakowitz,New Hope Housing,Harris,Housing,ACTIVE,https://newhopehousing.com/
New Hope Housing Savoy,New Hope Housing,Harris,Housing,ACTIVE,https://newhopehousing.com/
New Life,New Life,Harris,Other,ACTIVE,https://newlifeadopt.com/
Nora's Home,Nora's Home,Harris,Medical - Housing,ACTIVE,https://norashome.org/admission-criteria
North Channel Assistance Ministries,North Channel Assistance Ministries,Harris,Food,ACTIVE,
Northvale Village (RHF),Northvale Village (RHF),Harris,Housing,ACTIVE,https://rhf.org/northvale-village/
Northwest Area Ministries,Northwest Area Ministries,Harris,Domestic Abuse - Other; Education - Adults; Food; Housing; Medical - Behavioral Health; Medical - Primary Care; Rent; Seniors; Utilities,ACTIVE,https://www.namonline.org/
Notre Dame Catholic Church,Notre Dame Catholic Church,Harris,Food,ACTIVE,https://ndgh.org/
Open Door Mission,Open Door Mission,Harris,Medical - Addiction Recovery,ACTIVE,https://www.opendoorhouston.org/doorway
Our Lady of Fatima,Our Lady of Fatima,Harris,Food,ACTIVE,https://www.olfparishgp.org/
Our Lady of Guadalupe Baytown,Our Lady of Guadalupe Baytown,Harris,Food,ACTIVE,https://olgbaytown.org/en/homepage/
POZ Impact Mobile Mechanic,POZ Impact Mobile Mechanic,Harris,Other,ACTIVE,https://www.pozimpact.org
PadSplit,PadSplit,Greater Houston,Housing,LIMITED,https://www.padsplit.com/rooms-for-rent/houston-tx
Pasadena Community Ministries,Pasadena Community Ministries,Harris,Clothing; Food; Rent,ACTIVE; INACTIVE,https://www.pcm-texas.org/
Patient Access Network (PAN) Foundation,Patient Access Network (PAN) Foundation,District of Columbia,Medical - Bill Payment,ACTIVE,https://www.panfoundation.org/find-disease-fund/
Patient Advocate Foundation,Patient Advocate Foundation,Hampton City,Medical - Bill Payment; Medical - Program Enrollment,ACTIVE,https://www.patientadvocate.org/connect-with-services/case-management-services-and-carelines/
PetSet,PetSet,Harris,Animals,ACTIVE,https://pet-set.org/spay-neuter/
Pink Fund,Pink Fund,Oakland,Medical - Bill Payment,ACTIVE,https://apply.pinkfund.org/qualification/intro
Presbyterian Children's Homes and Services,Presbyterian Children's Homes and Services,Harris,Housing,ACTIVE,https://www.pchas.org/what-we-do/single-parent-family
Prince of Peace,Prince of Peace,Harris,Food; Rent; Utilities,ACTIVE,https://www.pophouston.org/necessities/
Project One Day,Project One Day,Harris,Mother & Child,ACTIVE,https://www.podhouston.org/
Queen of Peace LaMarque,Queen of Peace LaMarque,Galveston,Food; Rent; Utilities,ACTIVE,https://www.queenofpeacelamarque.org/
Rainbow of Love,Rainbow of Love,Harris,Homeless - Shelters,ACTIVE,https://rainbowofloveusa.org/programs/
Refugee & Immigrant Center for Education and Legal Services (RAICES),Refugee & Immigrant Center for Education and Legal Services (RAICES),Harris,Immigration,ACTIVE,https://www.raicestexas.org/legal
Rehabilitation Services Volunteer Project (RSVP),Rehabilitation Services Volunteer Project (RSVP),Harris,Medical - Primary Care,ACTIVE,https://www.rsvptexas.org/
Rejoice Counseling Apostolate,Rejoice Counseling Apostolate,Harris,Medical - Behavioral Health,ACTIVE,https://www.rejoicecounseling.com/houston-tx/
Resource & Crisis Center of Galveston County Inc.,Resource & Crisis Center of Galveston County Inc.,Galveston,Domestic Abuse - Shelters,ACTIVE,https://www.rccgc.org/services
Riceville Mt Olive Baptist Church,Riceville Mt Olive Baptist Church,Harris,Christmas; Clothing; Food; Rent; Utilities,ACTIVE; LIMITED,https://www.ricevillechurch.org/https://ricevillechurch.org/benevolence/#rent
Ronald McDonald House - Amschwand House,Ronald McDonald House,Harris,Medical - Housing,INACTIVE,
Ronald McDonald House - Children's Memorial Hermann Hospital,Ronald McDonald House,Harris,Medical - Housing,ACTIVE,https://rmhchouston.org/what-we-do/houses-lounges/childrens-memorial-hospital/
Ronald McDonald House - Holcombe,Ronald McDonald House,Harris,Medical - Housing,ACTIVE,https://rmhchouston.org/what-we-do/houses-lounges/holcombe-house/
Ronald McDonald House - M.D. Anderson Children's Cancer Hospital,Ronald McDonald House,Harris,Medical - Housing,ACTIVE,https://rmhchouston.org/what-we-do/houses-lounges/md-anderson/
Ronald McDonald House - Texas Children's Hospital,Ronald McDonald House,Harris,Medical - Housing,ACTIVE,https://rmhchouston.org/what-we-do/houses-lounges/texas-childrens-hospital/
SERJobs Houston,SERJobs Houston,Harris,Jobs,ACTIVE,https://serjobs.org
Sacred Heart Co-Cathedral,Sacred Heart Co-Cathedral,Harris,Food,ACTIVE,https://www.sacredhearthouston.org/
Sacred Heart of Jesus/Manvel,Sacred Heart of Jesus/Manvel,Fort Bend,Food,ACTIVE,https://sacredheartmanvel.org/food-pantry
Sagetree Terrace (RHF),Sagetree Terrace (RHF),Harris,Housing,ACTIVE,https://rhf.org/sagetree-terrace/
"Salute, Inc.","Salute, Inc.",Cook,Other; Rent; Utilities,LIMITED,https://www.saluteinc.org/get-assistance/
Salvation Army - Jones Residence,Salvation Army of Greater Houston,Harris,Homeless - Shelters,ACTIVE,https://salvationarmyhouston.org/houston/sns/
Salvation Army - Wayne Bergstrom Center of Hope,Salvation Army of Greater Houston,Montgomery,Homeless - Shelters,ACTIVE,https://salvationarmyhouston.org/houston/conroe/
Salvation Army - Young Adult Resource Center,Salvation Army of Greater Houston,Harris,Homeless - Day Centers,ACTIVE,https://salvationarmyhouston.org/houston/YARC
Salvation Army of Greater Houston,Salvation Army of Greater Houston,Harris,Christmas; Food; Rent,ACTIVE,https://salvationarmyhouston.org/
San Jose Clinic,San Jose Clinic,Harris,Medical - Dental & Vision; Medical - Primary Care,ACTIVE,https://www.sanjoseclinic.org
Santa Maria - Bonita House,Santa Maria,Harris,Medical - Addiction Recovery,ACTIVE,https://www.santamariahostel.org/
Santa Maria - Women's Recovery,Santa Maria,Harris,Medical - Addiction Recovery,ACTIVE,https://www.santamariahostel.org/
Sarah's House,Sarah's House,Harris,Homeless - Shelters,ACTIVE,https://www.sarahshouse.org/index.html
Search Homeless Services,Search Homeless Services,Harris,Housing,ACTIVE,https://www.searchhomeless.org/services/house/
Second Mile,Second Mile,Fort Bend,Education - Adults; Food,ACTIVE,https://secondmile.org/programs/food/
Sheltering Arms & Neighborhood Center Emergency Assistance Program,Sheltering Arms & Neighborhood Center Emergency Assistance Program,Harris,Utilities,INACTIVE,
Small Steps Nurturing Center,Small Steps Nurturing Center,Harris,Mother & Child,ACTIVE,https://ssnc.org/about-small-steps/our-program/
Society of St Stephen,Society of St Stephen,Harris,Christmas; Clothing; Food; Rent; Utilities,ACTIVE; INACTIVE,https://kingwoodmethodist.org/community-support/
All Saints (SVdP D4),Society of St Vincent de Paul,Harris,Food; Rent; Utilities,ACTIVE,https://allsaintsheights.com/svdp
Blessed Sacrament (SVdP D5),Society of St Vincent de Paul,Harris,Food,INACTIVE,https://bsccarchgh.org/
Epiphany of the Lord (SVdP D4) Katy,Society of St Vincent de Paul,Harris,Food; Rent; Utilities,ACTIVE,https://www.epiphanycatholic.org/outreach
Holy Family (SVdP D2) Missouri City,Society of St Vincent de Paul,Fort Bend,Food; Rent; Utilities,ACTIVE,https://holyfamilychurch.us/about/ministries/st-vincent-de-paul/
Holy Family (SVdP D7) Galveston,Society of St Vincent de Paul,Galveston,Rent; Utilities,ACTIVE,https://holyfamilygb.com/hfp-groups/society-of-st-vincent-de-paul/
Holy Rosary (SVdP D5),Society of St Vincent de Paul,Harris,Rent; Utilities,ACTIVE,https://holyrosarycatholic.org/
Holy Rosary (SVdP) Rosenberg,Society of St Vincent de Paul,Fort Bend,Clothing; Food; Rent; Utilities,ACTIVE,https://www.hrccr.com/
Our Lady of Perpetual Help (SVdP),Society of St Vincent de Paul,Brazoria,Food; Rent; Utilities,ACTIVE,https://olphsja.org/ministries
Our Mother of Mercy (SVdP D1),Society of St Vincent de Paul,Harris,Food,ACTIVE,https://www.ourmotherofmercy.net/
Sacred Heart (SVdP D6) Conroe,Society of St Vincent de Paul,Montgomery,Clothing; Food; Rent; Utilities,ACTIVE,https://shconroe.org/st-vincent-de-paul/
Sacred Heart Crosby (SVdP D5),Society of St Vincent de Paul,Harris,Food; Rent; Utilities,ACTIVE,https://shcrosby.org/ministries/st-vincent-de-paul/
Shrine of the True Cross (SVdP) Missouri City,Society of St Vincent de Paul,Brazoria,Food; Rent; Utilities,INACTIVE,https://www.truecrosschurch.org/st-vincent-de-paul
St Albert of Trapani (SVdP D3),Society of St Vincent de Paul,Harris,Food; Rent; Utilities,ACTIVE,https://stalbertoftrapani.org/
St Ambrose (SVdP D4),Society of St Vincent de Paul,Harris,Rent; Utilities,ACTIVE,https://stambrosehouston.org/
St Andrew (SVdP D5) Channelview,Society of St Vincent de Paul,Harris,Food; Rent; Utilities,ACTIVE,http://www.standrewchurch.net/svdp.shtml
St Angela Merici (SVdP D2),Society of St Vincent de Paul,Fort Bend,Rent; Utilities,ACTIVE,https://stamericigh.com/svdp
St Anne (SVdP),Society of St Vincent de Paul,Harris,Rent; Utilities,ACTIVE,https://www.saintanne.org/outreach-ministries#societyofstvincentdepaul
St Anne Tomball (SVdP D6),Society of St Vincent de Paul,Harris,Food; Rent; Utilities,ACTIVE,https://stanne-tomball.org/st-vincent-de-paul
St Anne de Beaupre (SVdP D1),Society of St Vincent de Paul,Harris,Food,ACTIVE,https://www.archgh.org/parishes/st-anne-de-beaupre-houston/
St Anthony of Padua (SVdP D6) The Woodlands,Society of St Vincent de Paul,Montgomery,Food; Rent; Utilities,ACTIVE,https://ap.church/ministries/outreach/
St Bartholomew (SVdP D4) Katy,Society of St Vincent de Paul,Harris,Food; Rent; Utilities,ACTIVE,https://www.st-bart.org/svdp
St Cecilia (SVdP D4),Society of St Vincent de Paul,Harris,Rent; Utilities,ACTIVE,https://saintcecilia.org/svdp
St Charles Borromeo (SVdP D1),Society of St Vincent de Paul,Harris,Food; Rent; Utilities,ACTIVE,https://stcharleshouston.org/parish-groups
St Elizabeth Ann Seton (SVdP D4),Society of St Vincent de Paul,Harris,Food; Rent; Utilities,ACTIVE,https://seascatholic.org/st-vincent-de-paul
St Francis Xavier (SVdP D3),Society of St Vincent de Paul,Harris,Food,INACTIVE,https://sfxhouston.com/
St Francis de Sales (SVdP D3),Society of St Vincent de Paul,Harris,Rent; Utilities,ACTIVE,https://sfds-houston.org/society-of-st-vincent-de-paul
St Helen (SVdP D7) Pearland,Society of St Vincent de Paul,Harris,Food; Utilities,ACTIVE,https://www.sthelenchurch.org/home/ministries_organizations/st-vincent-de-paul-society/
St Hyacinth (SVdP D5) Deer Park,Society of St Vincent de Paul,Harris,Rent; Utilities,ACTIVE,https://sthyacinth.org/need-help-society-of-st-vincent-de-paul
St Jerome (SVdP),Society of St Vincent de Paul,Harris,Rent; Utilities,ACTIVE,https://www.stjeromehou.org/stvdepaul
St Joseph (SVdP D6) New Waverly,Society of St Vincent de Paul,Walker,Food; Rent; Utilities,ACTIVE,https://www.st-josephtx.org/from-the-desk-of-fr-kim-2/
St Martha (SVdP D1) Kingwood,Society of St Vincent de Paul,Harris,Rent; Utilities,ACTIVE,https://stmartha.com/st-vincent-de-paul-society
St Martin de Porres (SVdP D5),Society of St Vincent de Paul,Harris,Rent; Utilities,ACTIVE,https://stmartinbarrett.org/
St Mary of the Purification (SVdP D3),Society of St Vincent de Paul,Harris,Rent; Utilities,ACTIVE,https://stmaryshouston.org/st-vincent-de-paul
St Mary's (SVdP D5) La Porte,Society of St Vincent de Paul,Harris,Clothing; Rent; Utilities,ACTIVE,https://stmaryslaporte.com/st-vincent-de-paul-store
St Mary's (SVdP D6) Plantersville,Society of St Vincent de Paul,Grimes,Food; Rent; Utilities,ACTIVE,https://smsj.org/
St Mary's Texas City (SVdP D7),Society of St Vincent de Paul,Galveston,Food,ACTIVE,https://www.stmarycctc.org/st-vincent-de-paul
St Matthias (SVdP D6) Magnolia,Society of St Vincent de Paul,Montgomery,Food; Medical - Bill Payment; Medical - Dental & Vision; Rent; Utilities,ACTIVE,https://st-matthias.net/st-vincent-de-paul
St Michael the Archangel (SVdP D2) Needville,Society of St Vincent de Paul,Fort Bend,Rent; Utilities,ACTIVE,https://needvillecatholic.com/
St Michael the Archangel (SVdP D3),Society of St Vincent de Paul,Harris,Rent; Utilities,ACTIVE,https://www.stmichaelchurch.net/society-of-st-vincent-de-paul
St Michael the Archangel (SVdP D7) Lake Jackson,Society of St Vincent de Paul,Brazoria,Food; Rent; Utilities,ACTIVE,https://smlj.org/st-vincent-de-paul
St Monica (SVdP D1),Society of St Vincent de Paul,Harris,Food,ACTIVE,https://www.stmonicafoodpantry.com/
St Patrick (SVdP),Society of St Vincent de Paul,Harris,Rent; Utilities,ACTIVE,https://stpatrickhouston.com/help-support
St Paul the Apostle (SVdP D7),Society of St Vincent de Paul,Harris,Food; Rent; Utilities,ACTIVE,https://stpaulcatholic.org/foodassistance
St Philip Neri (SVdP D3),Society of St Vincent de Paul,Harris,Clothing; Food,ACTIVE,https://stphilipnerichurch.org/
St Rose of Lima (SVdP D1),Society of St Vincent de Paul,Harris,Food; Rent; Utilities,ACTIVE,https://www.stroselima.org/outreach
St Theresa (SVdP D2) Sugar Land,Society of St Vincent de Paul,Fort Bend,Food; Rent; Utilities,ACTIVE; INACTIVE,https://www.sugarlandcatholic.com/ministry-spotlight--st-vincent-de-paul
St Thomas Aquinas (SVdP D2),Society of St Vincent de Paul,Fort Bend,Rent; Utilities,ACTIVE,https://www.stasugarland.com/caring-ministries
St Thomas More (SVdP D3),Society of St Vincent de Paul,Harris,Food; Rent; Utilities,ACTIVE,https://www.stmhouston.org/st-vincent-de-paul-society
St Thomas the Apostle (SVdP D6) Huntsville,Society of St Vincent de Paul,Walker,Food; Rent,ACTIVE,https://saintthomashuntsville.org/st-vincent-depaul-society
St Vincent de Paul (SVdP D3),Society of St Vincent de Paul,Harris,Medical - Bill Payment; Rent; Transportation; Utilities,ACTIVE,https://www.svdp77025.org/resources/assistance-organizations
Sts Simon & Jude (SVdP D6) The Woodlands,Society of St Vincent de Paul,Montgomery,Food; Rent; Utilities,ACTIVE,https://www.ssjwoodlands.com/
South Texas College of Law Houston,South Texas College of Law Houston,Harris,Immigration,ACTIVE,https://www.stcl.edu/academics/legal-clinics/request-legal-assistance/
Southeast Area Ministries,Southeast Area Ministries,Harris,Food; Utilities,INACTIVE,https://southeastareaministries.com/houston-assistance-ministries/
Springwoods UMC,Springwoods UMC,Harris,Food,INACTIVE,https://www.springwoodsumc.org/
St Anthony Bread,St Anthony Bread,Montgomery,Food,ACTIVE,https://ap.church/ministries/outreach/food-pantry/
St Bernadette Clear Lake,St Bernadette Clear Lake,Harris,Christmas; Clothing; Food; Utilities,ACTIVE,https://www.stbchurch.org/
St Catherine of Sienna,St Catherine of Sienna,Harris,Clothing; Food,ACTIVE,https://stcatherine-houston.org/
St Clare of Assisi (Christ in Action),St Clare of Assisi (Christ in Action),Harris,Rent; Utilities,ACTIVE,https://stclarehouston.org/christians-in-action
St Edward Spring,St Edward Spring,Harris,Rent; Utilities,ACTIVE,https://www.saintedward.org/
St Francis Cabrini,St Francis Cabrini,Harris,Food,INACTIVE,https://cabrinihouston.org/
St Francis of Assisi,St Francis of Assisi,Harris,Food,ACTIVE,https://www.stfrancisofhouston.org/
St James Spring,St James Spring,Harris,Rent; Utilities,ACTIVE,https://www.stjta.org/service-items/88-social-ministry
St John Vianney,St John Vianney,Harris,Utilities,ACTIVE,https://www.stjohnvianney.org/ministries/social-services/food-program/
St John of the Cross New Caney,St John of the Cross New Caney,Harris,Food,ACTIVE,https://sjotctx.org/ministries/food-pantry
St John the Baptist Alvin,St John the Baptist Alvin,Brazoria,Rent; Utilities,ACTIVE,https://www.stjohnalvin.org/
St Joseph Brazoria,St Joseph Brazoria,Brazoria,Food,ACTIVE,https://stjosephonthebrazos.com/st-josephs-helping-hands
St Joseph Catholic Church,St Joseph Catholic Church,Harris,Clothing; Food; Homeless - Other; Rent; Utilities,ACTIVE,https://www.saintjoseph.org/en/serve/social-committee
St Joseph the Worker Dayton,St Joseph the Worker Dayton,Harris,Food,ACTIVE,https://www.stjosephdaytontx.com/Food-Pantry.html
St Justin Martyr,St Justin Martyr,Harris,Food,ACTIVE,https://www.sjmtx.org/social-ministry
St Katherine of Drexel Hempstead,St Katherine of Drexel Hempstead,Waller,Clothing; Food; Rent; Utilities,ACTIVE,https://skdcc.com/parish-organizations
St Luke the Evangelist,St Luke the Evangelist,Harris,Food,LIMITED,https://stlukescatholic.com/
St Mary Magdalene Humble,St Mary Magdalene Humble,Harris,Food,ACTIVE,https://st-mm.com/social-ministry
St Mary of the Expectation,St Mary of the Expectation,Galveston,Food,ACTIVE,https://saintmcc.org/food-pantry
St Matthew the Evangelist,St Matthew the Evangelist,Harris,Food,ACTIVE,https://www.stmatthewhou.org/
St Peter & Paul Bellville,St Peter & Paul Bellville,Austin,Food,ACTIVE,https://stsppbellvilletx.org/
St Philip the Apostle,St Philip the Apostle,Harris,Rent; Utilities,ACTIVE,https://stphiliphuffmantx.org/contact
St Pius Pasadena,St Pius Pasadena,Harris,Food,ACTIVE,https://stpiusvchurch.com/social-mininstry
St Thomas Presbyterian Church,St Thomas Presbyterian Church,Harris,Food,ACTIVE,https://www.stthomaspc.org/outreach
St Vincent's House,St Vincent's House,Galveston,Food; Medical - Behavioral Health; Medical - Dental & Vision; Medical - Primary Care; Rent; Transportation; Utilities,ACTIVE,https://www.stvhope.org/
Star of Hope - Cornerstone Community,Star of Hope Mission,Harris,Homeless - Shelters; Jobs,ACTIVE,https://www.sohmission.org/our-services/women-and-family-development-center/
Star of Hope - Doris and Carloss Morris,Star of Hope Mission,Harris,Homeless - Shelters,ACTIVE,https://www.sohmission.org/how-we-help/for-men/
Tahirih Justice Center,Tahirih Justice Center,Harris,Immigration,ACTIVE,https://www.tahirih.org/get-help/
Target Hunger,Target Hunger,Harris,Food; Medical - Program Enrollment,ACTIVE,https://www.targethunger.org/monthly-groceries/
Texas Defender Service,Texas Defender Service,Harris,Legal,ACTIVE,https://www.texasdefender.org/what-we-do/
Texas Health & Human Services,Texas Health & Human Services,Harris,Medical - Program Enrollment,ACTIVE,https://www.hhs.texas.gov/services/health/medicaid-chip
Texas Legal Services Center,Texas Legal Services Center,Harris,Legal,ACTIVE,https://www.tlsc.org/kiosks
Texas National Guard Family Support Foundation,Texas National Guard Family Support Foundation,Bell,Veterans,ACTIVE,https://www.txngfsf.org/emergency-assistance
Texas Rio Grande Legal Aid,Texas Rio Grande Legal Aid,Travis,Immigration,ACTIVE,https://www.trla.org/
Texas Temporary Assistance for Needy Families (TANF),Texas Temporary Assistance for Needy Families (TANF),Harris,Rent,ACTIVE,https://www.hhs.texas.gov/services/financial/cash/tanf-cash-help
Texas Veterans Commission,Texas Veterans Commission,Harris,Veterans,ACTIVE,https://tvc.texas.gov/
The Assistance Fund (TAF),The Assistance Fund (TAF),Orange,Medical - Bill Payment,ACTIVE,https://tafcares.org/patients/eligibility/
The Ballard House,The Ballard House,Harris,Medical - Housing,ACTIVE,https://www.theballardhouse.org/application
The Beacon,The Beacon,Harris,Homeless - Day Centers; Legal,ACTIVE,https://www.beaconhomeless.org/whatwedo
The Bridge Over Troubled Waters,The Bridge Over Troubled Waters,Harris,Domestic Abuse - Other; Domestic Abuse - Shelters,ACTIVE,https://tbotw.org
The Council on Recovery,The Council on Recovery,Harris,Medical - Addiction Recovery,ACTIVE,https://www.councilonrecovery.org/
Harris Center - NeuroPsychiatric Center,The Harris Center for Mental Health & IDD,Harris,Medical - Addiction Recovery; Medical - Behavioral Health,ACTIVE,https://www.theharriscenter.org/about
Harris Center - Northeast Community Service Center,The Harris Center for Mental Health & IDD,Harris,Medical - Addiction Recovery; Medical - Behavioral Health,ACTIVE,https://www.theharriscenter.org/about
Harris Center - Northwest Community Service Center,The Harris Center for Mental Health & IDD,Harris,Medical - Addiction Recovery; Medical - Behavioral Health,ACTIVE,https://www.theharriscenter.org/about
"Harris Center - Respite, Rehabilitation & Re-Entry Center",The Harris Center for Mental Health & IDD,Harris,Medical - Behavioral Health,ACTIVE,https://www.theharriscenter.org/about
Harris Center - Southeast Community Service Center,The Harris Center for Mental Health & IDD,Harris,Medical - Addiction Recovery; Medical - Behavioral Health; Medical - Primary Care,ACTIVE,https://www.theharriscenter.org/about
Harris Center - Southwest Community Service Center,The Harris Center for Mental Health & IDD,Harris,Medical - Addiction Recovery; Medical - Behavioral Health; Medical - Primary Care,ACTIVE,https://www.theharriscenter.org/about
The Houston Alumni and Youth Center (HAY),The Houston Alumni and Youth Center (HAY),Harris,Housing,ACTIVE,https://www.haycenter.org/
The Lamp Project,The Lamp Project,Harris,Homeless - Other; Medical - Program Enrollment; Rent; Utilities,ACTIVE; INACTIVE,https://thelampproject.org/
The Landing,The Landing,Harris,Other,ACTIVE,https://thelanding.org/our-work/
The Lighthouse of Houston,The Lighthouse of Houston,Harris,Housing; Jobs; Medical - Dental & Vision,ACTIVE,https://houstonlighthouse.org/
The Women's Home,The Women's Home,Harris,Housing,ACTIVE,https://www.thewomenshome.org/what-we-do/
Tomball Emergency Asst Ministry,Tomball Emergency Asst Ministry,Harris,Christmas; Clothing; Education - Adults; Food; Jobs; Medical - Bill Payment; Other; Rent; Utilities,ACTIVE,https://teamtomball.com/assistance/
Trinity Lutheran,Trinity Lutheran,Harris,Food; Rent; Utilities,ACTIVE,https://www.trinityklein.org/restoring-hope/
UH Health Family Care Center,UH Health Family Care Center,Harris,Medical - Primary Care,ACTIVE,https://www.uh.edu/medicine/sites/family-care-center/sliding-fee-eligibility/
USA Cares,USA Cares,Travis,Veterans,ACTIVE,https://usacares.org/state-assistance/
United Way of Greater Houston,United Way of Greater Houston,Harris,Other,ACTIVE,https://referral.unitedwayhouston.org/
University of Houston Law Center Immigration Clinic,University of Houston Law Center Immigration Clinic,Harris,Immigration,ACTIVE,https://www.law.uh.edu/clinic/immi.asp
VA Community Resource & Referral Center,VA Community Resource & Referral Center,Harris,Homeless - Day Centers,ACTIVE,https://www.va.gov/houston-health-care/stories/new-resource-center-open-for-houston-veterans/
Airline Children & Women's Center,Vecino Health Centers,Harris,Medical - Primary Care,ACTIVE,https://www.denverharborhealthcenter.org
Denver Harbor Family Health Center,Vecino Health Centers,Harris,Medical - Behavioral Health; Medical - Dental & Vision; Medical - Primary Care; Medical - Program Enrollment,ACTIVE,https://www.denverharborhealthcenter.org
Waller Assistance & Restoration Ministries (WARM),Waller Assistance & Restoration Ministries,Waller,Clothing; Food; Medical - Bill Payment; Medical - Program Enrollment; Rent; Utilities,ACTIVE,https://warmwaller.org/financial
Wellsprings Village Inc.,Wellsprings Village Inc.,Harris,Housing,ACTIVE,https://wellspringsvillage.org/
Wesley Community Center,Wesley Community Center,Harris,Food; Medical - Program Enrollment; Mother & Child; Rent; Seniors; Utilities,ACTIVE; INACTIVE,https://wesleyhousehouston.org/adult-family-services/
West Houston Assistance Ministries (WHAM),West Houston Assistance Ministries (WHAM),Harris,Christmas; Clothing; Education - Adults; Food; Jobs; Legal; Medical - Program Enrollment; Mother & Child; Rent; Utilities,ACTIVE; INACTIVE,https://www.whamministries.org/
Wheeler Avenue Baptist Church,Wheeler Avenue Baptist Church,Harris,Rent; Utilities,ACTIVE,https://wheelerbc.org/matthew-25-info
Windsor Village Social Services,Windsor Village Social Services,Harris,Food; Rent; Utilities,ACTIVE; INACTIVE,https://www.kingdombuilders.com/missions/
WorkFaith - Main Campus,WorkFaith,Harris,Jobs,ACTIVE,https://workfaith.org
WorkFaith - Satellite Campus,WorkFaith,Harris,Jobs,ACTIVE,https://workfaith.org
Workforce Solutions,Workforce Solutions,Harris,Jobs; Mother & Child,ACTIVE; LIMITED,https://www.wrksolutions.com/for-individuals/financial-aid/financial-assistance-for-child-care
YMCA International Services,YMCA International Services,Harris,Immigration,LIMITED,https://ymcahouston.org/locations/ymca-international-services/programs
